Designator,Footprint,Quantity,Value,LCSC Part #
"C1, C17, C24, C31, C38, C4",0805,6,10uF,C15850
"C11, C13, C14, C15, C16, C2, C20, C21, C22, C23, C27, C28, C29, C30, C34, C35, C36, C37, C6, C7",0603,20,100nF,C14663
"C12, C9",0603,2,1uF,C15849
"C18, C25, C32, C39",0603,4,22nF,C21122
"C19, C26, C3, C33, C40",CAP-SMD_BD6.3-L6.6-W6.6-FD,5,100uF,C320569
C5,0805,1,22uF,C45783
"CN1, CN2, CN3, CN4",CONN-TH_530470410,4,Motor,C504989
D1,SOT-23-6_L2.9-W1.6-P0.95-LS2.8-BL,1,USBLC6-2SC6,C7519
D2,SOD-323_L1.7-W1.3-LS2.6-RD-1,1,BAT60B,C7502695
F1,F2920,1,Polyfuse,C21009
"J4, J5",JST_XH_B4B-XH-AM_1x04_P2.50mm_Vertical,2,LED_Conn,
"J6, J7, J8, J9",JST_XH_B3B-XH-AM_1x03_P2.50mm_Vertical,4,Hall,
"LED1, LED10, LED11, LED12, LED13, LED14, LED15, LED16, LED17, LED18, LED19, LED2, LED20, LED21, LED22, LED23, LED24, LED25, LED26, LED27, LED28, LED29, LED3, LED30, LED31, LED32, LED33, LED4, LED5, LED6, LED7, LED8, LED9",LED0603-R-RD_WHITE,33,~,C2290
"R1, R10, R15, R19, R23, R27, R5",0603,7,10kR,C25804
R11,0603,1,15kR,C2906995
"R12, R16, R20, R24, R9",0805,5,10R,C17415
"R13, R14, R17, R18, R21, R22, R25, R26",1206,8,0.33R,C2907351
R2,RES-TH_L5.1-W4.3-P3.40-D0.5,1,GL5528,C10081
"R3, R4, R6, R7, R8",0603,5,5.1kR,C23186
U1,SOT-89_L4.5-W2.5-P1.50-LS4.2-BR,1,ME6210A33PG,C85233
"U10, U12, U6, U8",VQFN-28-1EP_5x5mm_P0.5mm_EP3.7x3.7mm_ThermalVias,4,TMC2209-LA,C2150710
U2,WIFIM-SMD_ESP32-S3-WROOM-1-N8,1,ESP32-S3-WROOM-1-N8,C2913198
U3,LED-ARRAY-SMD_4P-L1.6-W0.8-BL-FD,1,TJ-S1608SW6TDSLCCYRGB-A5,C5356078
U4,QFN-44_L5.0-W5.0-P0.40-BL-EP,1,IS31FL3236A-QFLS2-TR,C246443
USB1,USB-C-TH_TYPE-C16PLCH10.0-B143,1,Type-C,C49261586
